Fake Name,Role,Original File Name,Photo URL,Credit
Amaya Davani,Sr. Software Developer,amir-esrafili--ys114vMEIk-unsplash.jpg,https://unsplash.com/photos/-ys114vMEIk,"Photo by <a href=""https://unsplash.com/@amirvisuals?utm_source=unsplash&utm_medium=referral&utm_content=creditCopyText"">Amir Esrafili</a> on <a href=""https://unsplash.com/s/photos/indian-woman?utm_source=unsplash&utm_medium=referral&utm_content=creditCopyText"">Unsplash</a>"
Balraj Khatri,Investor Relations Specialist,marc-kleen-Iskck0kl210-unsplash.jpg,https://unsplash.com/photos/Iskck0kl210,"Photo by <a href=""https://unsplash.com/@marckleen?utm_source=unsplash&utm_medium=referral&utm_content=creditCopyText"">Marc Kleen</a> on <a href=""https://unsplash.com/s/photos/indian-man?utm_source=unsplash&utm_medium=referral&utm_content=creditCopyText"">Unsplash</a>"
Cameron Thomas,Information Systems Director,charles-etoroma-95UF6LXe-Lo-unsplash.jpg,https://unsplash.com/photos/95UF6LXe-Lo,"Photo by <a href=""https://unsplash.com/@charlesetoroma?utm_source=unsplash&utm_medium=referral&utm_content=creditCopyText"">Charles Etoroma</a> on <a href=""https://unsplash.com/s/photos/persona?utm_source=unsplash&utm_medium=referral&utm_content=creditCopyText"">Unsplash</a>"
David Hilliers,Sr. Database Administrator,christian-buehner-DItYlc26zVI-unsplash.jpg,https://unsplash.com/photos/DItYlc26zVI,"Photo by <a href=""https://unsplash.com/@christianbuehner?utm_source=unsplash&utm_medium=referral&utm_content=creditCopyText"">christian buehner</a> on <a href=""https://unsplash.com/s/photos/persona?utm_source=unsplash&utm_medium=referral&utm_content=creditCopyText"">Unsplash</a>"
Gabriel Martinez,Marketing Research Associate,ben-parker-OhKElOkQ3RE-unsplash.jpg,https://unsplash.com/photos/OhKElOkQ3RE,"Photo by <a href=""https://unsplash.com/@brokenlenscap?utm_source=unsplash&utm_medium=referral&utm_content=creditCopyText"">Ben Parker</a> on <a href=""https://unsplash.com/s/photos/persona?utm_source=unsplash&utm_medium=referral&utm_content=creditCopyText"">Unsplash</a>"
Gael Colon,Senior Web Administrator,joseph-gonzalez-iFgRcqHznqg-unsplash.jpg,https://unsplash.com/photos/iFgRcqHznqg,"Photo by <a href=""https://unsplash.com/@miracletwentyone?utm_source=unsplash&utm_medium=referral&utm_content=creditCopyText"">Joseph Gonzalez</a> on <a href=""https://unsplash.com/s/photos/persona?utm_source=unsplash&utm_medium=referral&utm_content=creditCopyText"">Unsplash</a>"
Hailey Jackson,Blockchain Engineer,clem-onojeghuo-FbTOrJ2G8KI-unsplash.jpg,https://unsplash.com/photos/FbTOrJ2G8KI,"Photo by <a href=""https://unsplash.com/@clemono?utm_source=unsplash&utm_medium=referral&utm_content=creditCopyText"">Clem Onojeghuo</a> on <a href=""https://unsplash.com/s/photos/persona?utm_source=unsplash&utm_medium=referral&utm_content=creditCopyText"">Unsplash</a>"
Jasmine Robinson,"Director, Technical Education",eye-for-ebony-OeXcIHFwtsM-unsplash.jpg,https://unsplash.com/photos/OeXcIHFwtsM,"Photo by <a href=""https://unsplash.com/@eyeforebony?utm_source=unsplash&utm_medium=referral&utm_content=creditCopyText"">Eye for Ebony</a> on <a href=""https://unsplash.com/s/photos/persona?utm_source=unsplash&utm_medium=referral&utm_content=creditCopyText"">Unsplash</a>"
Javier Rubio,Application Support Analyst,andrea-rico-3TOtm8zy-eM-unsplash.jpg,https://unsplash.com/photos/3TOtm8zy-eM,"Photo by <a href=""https://unsplash.com/@andrea_rico?utm_source=unsplash&utm_medium=referral&utm_content=creditCopyText"">Andrea Rico</a> on <a href=""https://unsplash.com/s/photos/persona?utm_source=unsplash&utm_medium=referral&utm_content=creditCopyText"">Unsplash</a>"
Jayden Harris,Product Marketing Manager,ayo-ogunseinde-sibVwORYqs0-unsplash.jpg,https://unsplash.com/photos/sibVwORYqs0,"Photo by <a href=""https://unsplash.com/@armedshutter?utm_source=unsplash&utm_medium=referral&utm_content=creditCopyText"">Ayo Ogunseinde</a> on <a href=""https://unsplash.com/s/photos/persona?utm_source=unsplash&utm_medium=referral&utm_content=creditCopyText"">Unsplash</a>"
Jennifer Baker,InfoSec Analyst III,michael-dam-mEZ3PoFGs_k-unsplash.jpg,https://unsplash.com/photos/mEZ3PoFGs_k,"Photo by <a href=""https://unsplash.com/@michaeldam?utm_source=unsplash&utm_medium=referral&utm_content=creditCopyText"">Michael Dam</a> on <a href=""https://unsplash.com/s/photos/persona?utm_source=unsplash&utm_medium=referral&utm_content=creditCopyText"">Unsplash</a>"
Jessica Furst,Data Quality Manager,christiana-rivers-O_XIvDy0pcs-unsplash.jpg,https://unsplash.com/photos/O_XIvDy0pcs,"Photo by <a href=""https://unsplash.com/@christiana?utm_source=unsplash&utm_medium=referral&utm_content=creditCopyText"">Christiana Rivers</a> on <a href=""https://unsplash.com/s/photos/persona?utm_source=unsplash&utm_medium=referral&utm_content=creditCopyText"">Unsplash</a>"
Jivan Patel,Machine Learning Engineer,himanshu-dewangan-k9tUQNeOfx0-unsplash.jpg,https://unsplash.com/photos/k9tUQNeOfx0,"Photo by <a href=""https://unsplash.com/@himanshudewangan?utm_source=unsplash&utm_medium=referral&utm_content=creditCopyText"">Himanshu Dewangan</a> on <a href=""https://unsplash.com/s/photos/indian-man?utm_source=unsplash&utm_medium=referral&utm_content=creditCopyText"">Unsplash</a>"
Johar Ahuja,Data Center Support Specialist,arrul-lin-sYhUhse5uT8-unsplash.jpg,https://unsplash.com/photos/sYhUhse5uT8,"Photo by <a href=""https://unsplash.com/@arrullin?utm_source=unsplash&utm_medium=referral&utm_content=creditCopyText"">Arrul lin</a> on <a href=""https://unsplash.com/s/photos/indian-man?utm_source=unsplash&utm_medium=referral&utm_content=creditCopyText"">Unsplash</a>"
Julia Colon,IP Attorney,christina-wocintechchat-com-SJvDxw0azqw-unsplash.jpg,https://unsplash.com/photos/SJvDxw0azqw,"Photo by <a href=""https://unsplash.com/@wocintechchat?utm_source=unsplash&utm_medium=referral&utm_content=creditCopyText"">Christina @ wocintechchat.com</a> on <a href=""https://unsplash.com/s/photos/persona?utm_source=unsplash&utm_medium=referral&utm_content=creditCopyText"">Unsplash</a>"
Lalika Dewan,Cyber Risk Analyst,raamin-ka-jWtHN3s-NqA-unsplash.jpg,https://unsplash.com/photos/jWtHN3s-NqA,"Photo by <a href=""https://unsplash.com/@raaminka?utm_source=unsplash&utm_medium=referral&utm_content=creditCopyText"">Raamin ka</a> on <a href=""https://unsplash.com/s/photos/indian-woman?utm_source=unsplash&utm_medium=referral&utm_content=creditCopyText"">Unsplash</a>"
Marcus Jones,Business Analyst,tamarcus-brown-29pFbI_D1Sc-unsplash.jpg,https://unsplash.com/photos/29pFbI_D1Sc,"Photo by <a href=""https://unsplash.com/@tamarcusbrown?utm_source=unsplash&utm_medium=referral&utm_content=creditCopyText"">Tamarcus Brown</a> on <a href=""https://unsplash.com/s/photos/persona?utm_source=unsplash&utm_medium=referral&utm_content=creditCopyText"">Unsplash</a>"
Maria Ortiz,Risk & Compliance Officer,christina-wocintechchat-com-0Zx1bDv5BNY-unsplash.jpg,https://unsplash.com/photos/0Zx1bDv5BNY,"Photo by <a href=""https://unsplash.com/@wocintechchat?utm_source=unsplash&utm_medium=referral&utm_content=creditCopyText"">Christina @ wocintechchat.com</a> on <a href=""https://unsplash.com/s/photos/persona?utm_source=unsplash&utm_medium=referral&utm_content=creditCopyText"">Unsplash</a>"
Martin Lee,Senior Systems Adminstrator,mason-wilkes-TMgQMXoglsM-unsplash.jpg,https://unsplash.com/photos/TMgQMXoglsM,"Photo by <a href=""https://unsplash.com/@masonauguste?utm_source=unsplash&utm_medium=referral&utm_content=creditCopyText"">Mason Wilkes</a> on <a href=""https://unsplash.com/s/photos/persona?utm_source=unsplash&utm_medium=referral&utm_content=creditCopyText"">Unsplash</a>"
Max Sandoval,"Director, Facilities",michal-parzuchowski-S7nzSaoMQi4-unsplash.jpg,https://unsplash.com/photos/S7nzSaoMQi4,"Photo by <a href=""https://unsplash.com/@mparzuchowski?utm_source=unsplash&utm_medium=referral&utm_content=creditCopyText"">Michał Parzuchowski</a> on <a href=""https://unsplash.com/s/photos/persona?utm_source=unsplash&utm_medium=referral&utm_content=creditCopyText"">Unsplash</a>"
Melanie Foote,Marketing Promotions Specialist,artem-beliaikin-j5almO1E8rU-unsplash.jpg,https://unsplash.com/photos/j5almO1E8rU,"Photo by <a href=""https://unsplash.com/@belart84?utm_source=unsplash&utm_medium=referral&utm_content=creditCopyText"">Artem Beliaikin</a> on <a href=""https://unsplash.com/s/photos/persona?utm_source=unsplash&utm_medium=referral&utm_content=creditCopyText"">Unsplash</a>"
Nancy Greenwald,Technical Recruiting Manager,anthony-metcalfe-QQsRTGAZp9o-unsplash.jpg,https://unsplash.com/photos/QQsRTGAZp9o,"Photo by <a href=""https://unsplash.com/@antsphotography14?utm_source=unsplash&utm_medium=referral&utm_content=creditCopyText"">Anthony Metcalfe</a> on <a href=""https://unsplash.com/s/photos/persona?utm_source=unsplash&utm_medium=referral&utm_content=creditCopyText"">Unsplash</a>"
Nathan Adams,Sr. Software Architect,tyler-nix-ZGa9d1a_4tA-unsplash.jpg,https://unsplash.com/photos/ZGa9d1a_4tA,"Photo by <a href=""https://unsplash.com/@jtylernix?utm_source=unsplash&utm_medium=referral&utm_content=creditCopyText"">Tyler Nix</a> on <a href=""https://unsplash.com/s/photos/persona?utm_source=unsplash&utm_medium=referral&utm_content=creditCopyText"">Unsplash</a>"
Nisha Balakrishnan,Customer Support Specialist II,matheus-ferrero-W7b3eDUb_2I-unsplash.jpg,https://unsplash.com/photos/W7b3eDUb_2I,"Photo by <a href=""https://unsplash.com/@matheusferrero?utm_source=unsplash&utm_medium=referral&utm_content=creditCopyText"">Matheus Ferrero</a> on <a href=""https://unsplash.com/s/photos/persona?utm_source=unsplash&utm_medium=referral&utm_content=creditCopyText"">Unsplash</a>"
Qiang Li,HR Specialist,juan-encalada-WC7KIHo13Fc-unsplash.jpg,https://unsplash.com/photos/WC7KIHo13Fc,"Photo by <a href=""https://unsplash.com/@juanencalada?utm_source=unsplash&utm_medium=referral&utm_content=creditCopyText"">Juan Encalada</a> on <a href=""https://unsplash.com/s/photos/persona?utm_source=unsplash&utm_medium=referral&utm_content=creditCopyText"">Unsplash</a>"
Roobert Goode,Sr. Technical Writer,robert-godwin-cdksyTqEXzo-unsplash.jpg,https://unsplash.com/photos/cdksyTqEXzo,"Photo by <a href=""https://unsplash.com/@funpictures?utm_source=unsplash&utm_medium=referral&utm_content=creditCopyText"">Robert Godwin</a> on <a href=""https://unsplash.com/s/photos/persona?utm_source=unsplash&utm_medium=referral&utm_content=creditCopyText"">Unsplash</a>"
Sagara Kohli,"Dir., Social Media Marketing",skg-photography-gDwGgYRXsgY-unsplash.jpg,https://unsplash.com/photos/gDwGgYRXsgY,"Photo by <a href=""https://unsplash.com/@skgphotography?utm_source=unsplash&utm_medium=referral&utm_content=creditCopyText"">SKG Photography</a> on <a href=""https://unsplash.com/s/photos/indian-woman?utm_source=unsplash&utm_medium=referral&utm_content=creditCopyText"">Unsplash</a>"
Sydney Coleman,Financial Analyst II,shawnee-d-wOe_VGJe3TE-unsplash.jpg,https://unsplash.com/photos/wOe_VGJe3TE,"Photo by <a href=""https://unsplash.com/@shawnee_d?utm_source=unsplash&utm_medium=referral&utm_content=creditCopyText"">Shawnee D</a> on <a href=""https://unsplash.com/s/photos/indian-woman?utm_source=unsplash&utm_medium=referral&utm_content=creditCopyText"">Unsplash</a>"
Tiana Walker,Senior Security Specialist,eye-for-ebony-vYpbBtkDhNE-unsplash.jpg,https://unsplash.com/photos/vYpbBtkDhNE,"Photo by <a href=""https://unsplash.com/@eyeforebony?utm_source=unsplash&utm_medium=referral&utm_content=creditCopyText"">Eye for Ebony</a> on <a href=""https://unsplash.com/s/photos/persona?utm_source=unsplash&utm_medium=referral&utm_content=creditCopyText"">Unsplash</a>"
Tyler Brown,Quantitative Analyst,etty-fidele-VNYCIbZju0o-unsplash.jpg,https://unsplash.com/photos/VNYCIbZju0o,"Photo by <a href=""https://unsplash.com/@fideletty?utm_source=unsplash&utm_medium=referral&utm_content=creditCopyText"">Etty Fidele</a> on <a href=""https://unsplash.com/s/photos/persona?utm_source=unsplash&utm_medium=referral&utm_content=creditCopyText"">Unsplash</a>"
Xiu-Ying Wang,User Experience Designer,lau-keith-dcZsxUAAJXs-unsplash.jpg,https://unsplash.com/photos/dcZsxUAAJXs,"Photo by <a href=""https://unsplash.com/@hollowkeith?utm_source=unsplash&utm_medium=referral&utm_content=creditCopyText"">Lau keith</a> on <a href=""https://unsplash.com/s/photos/persona?utm_source=unsplash&utm_medium=referral&utm_content=creditCopyText"">Unsplash</a>"
Yasmin García,Legal Analyst,andrea-rico-1xzNHDtE8O8-unsplash.jpg,https://unsplash.com/photos/1xzNHDtE8O8,"Photo by <a href=""https://unsplash.com/@andrea_rico?utm_source=unsplash&utm_medium=referral&utm_content=creditCopyText"">Andrea Rico</a> on <a href=""https://unsplash.com/s/photos/persona?utm_source=unsplash&utm_medium=referral&utm_content=creditCopyText"">Unsplash</a>"